id;nom;raison_sociale;telephone_1;telephone_2;email;logo;description;sit_web;statut
1;camarade membre Est;bermudien;Berlines basané;du arrière;Fanny.Brun@gmail.com;Specialiste;Électrique facture Account;rechercher;ACTIF
2;Fromage;Bronze paiement;Générique vert immobilier;Béton;Anselme.Pons@yahoo.fr;toujours;Centre Est;Artisanal du;ACTIF
3;arrière Account;roumain;Automobile tabac Thon;Kazakhstan où de;Eubert10@gmail.com;Hybride;Sud;Femme immobilier Eswatini;ACTIF
4;Minispaces;printemps;souris deçà Électrique;sitôt Citadines depuis;Clementine.Baron25@yahoo.fr;infime Diesel;aïe Intelligent de;blanc Savoureux Sénégal;INACTIF
5;vert Triporteur;hirsute;compacts voluptate;Bronze rendre Roupie;Albane_Fontaine3@yahoo.fr;vert hôte;naître;lunatique;INACTIF
6;bistre Electronique Prêt;Ouest exprès;Directeur Nord;couché mélancolique;Carine92@yahoo.fr;necessitatibus Caoutchouc;canadien;Account Mountbatten Thon;INACTIF
7;hi;Berlines pour Vélo;Chaussures;devant cocorico;Theophile65@yahoo.fr;Burundi;ding Hybride Souris;Analyste paiement Sud;INACTIF
8;Variété Bijoux grège;antagoniste Lorraine Caoutchouc;Tuvalu chut;Sol croâ;Garnier_Roger93@yahoo.fr;paiement bof Ghana;minus Femme Citadines;snif Rue;PREMIUM
9;Arabie psitt;Account Variété de;Essence de;Granit vel Recyclé;Madeleine.Royer@gmail.com;paiement Homme Népal;Femme;bi;PREMIUM
10;Chaise Real;condition Ouest Frais;Élégant enfant Monospaces;pour Peso Outils;Bouchard_Roux44@yahoo.fr;Électronique Doux doloribus;menthe Specialiste;Nord Account;INACTIF
