id;nom;raison_sociale;telephone_1;telephone_2;email;logo;description
1;quoique administration;Whike à Fromage;Country;Pratique prix;Joachim8@gmail.com;appartenir;Nord Variété broum
2;Savon Homme;abricot Femme;Account Hop comporter;Sports brave;Rodolphe_Perrin@yahoo.fr;Hooker Génial Poulet;Somalie
3;perplexe spécialiste Franc;Hybride Savon;au Béton Fantastique;cargo sable;Gerard_Marie25@hotmail.fr;défaut;de Homme
4;Salade cependant personnel;Industrie monétaire;depuis de;Licencié Coton;Hildebert.Guillot@yahoo.fr;hi;ding Architecte
5;beaucoup Est;paiement Femme;SUV;que;Urbain64@yahoo.fr;dépôt;Femme coac
6;Homme Électronique Diesel;bzzz;magnifique;finir ainsi;Alienor98@hotmail.fr;similique Livre;Agent
7;doloremque électrique à;Granit;Dollar Hybride;Berlines Stagiaire Homme;Aure_Gaillard@hotmail.fr;Générique;Femme retrait déjeuner
8;débile;tunisien;laudantium Litecoin;Essence;Eudoxe_Meunier@hotmail.fr;Électronique Électronique des;adepte jadis Diesel
9;plouf sterling;antagoniste rappeler;Berlines;aimable Sud;Pie41@gmail.com;Classique de;dollar Vélomobile ouf
10;Lofi;Métal Voie après;Métal;ensemble Sud fraise;Frederique_Meyer20@hotmail.fr;Coton Account;par Sud de
