id;code;description;date_debut;date_fin
1;entièrement Poulet;Hybride Générique;2023-08-02T00:31:08;2023-08-02T09:19:04
2;ha Boule Pop;Fromage cadre tant;2023-08-02T18:06:26;2023-08-01T22:12:25
3;Account vert;Génial;2023-08-02T02:35:51;2023-08-02T03:05:32
4;facture que;Ouest Account occaecati;2023-08-02T09:40:01;2023-08-01T19:30:19
5;café;Électrique;2023-08-02T00:00:47;2023-08-01T20:48:42
6;circuler;Électronique;2023-08-02T08:43:01;2023-08-02T11:40:37
7;Moderne gris;Bronze;2023-08-02T13:52:34;2023-08-01T19:18:07
8;Impasse Passage liquider;Vélomobile Soul;2023-08-02T03:36:34;2023-08-02T13:33:21
9;sale;Musique;2023-08-01T21:28:16;2023-08-02T04:33:10
10;chamois outre Jeux;lorsque facture;2023-08-02T06:36:52;2023-08-02T03:30:43
